SMILES,NLL,logP,Similarity,logP_score,Combined
CN(C)CCOC(c1ccccc1)c1ccccc1,0.0002788170240819,3.35,1.0,0.0,0.5
CN(C)CCOC(=O)c1ccccc1,13.286688804626465,1.4,0.34,0.581,0.461
CN(C)CCOC(c1ccccc1)c1ccco1,14.201470375061035,2.95,0.604,0.121,0.363
CC(=O)NCCOC(c1ccccc1)c1ccccc1,15.720747947692873,2.93,0.479,0.127,0.303
